<?xml version="1.0" encoding="utf-8"?>
<prefix name="skeleton" label="Skeleton" language_tag="en" language_label="English">
	<key name="main_menu_item">
		<value>spLOD</value>
	</key>
	<key name="menu_item_floatbox">
		<value>+</value>
	</key>
	<key name="show_floatbox">
		<value>+</value>
	</key>
	<key name="floatbox_title">
		<value>spLOD</value>
	</key>
	<key name="floatbox_page_heading">
		<value>spLOD</value>
	</key>
	<key name="floatbox_page_title">
		<value>spLOD</value>
	</key>
	<key name="index_page_heading">
		<value>spLOD</value>
	</key>
	<key name="index_page_title">
		<value>spLOD</value>
	</key>
</prefix>
